{
  "display": {
    "title": {
      "text": "Deal's Off!"
    },
    "description": {
      "text": "Get spat at by one of the Trader Llamas"
    },
    "icon": {
      "id": "minecraft:blue_carpet"
    },
    "frame": "goal",
    "show_toast": true,
    "announce_to_chat": true,
    "hidden": false
  },
  "criteria": {
    "llama_hurt_player": {
      "trigger": "minecraft:entity_hurt_player",
      "conditions": {
        "damage": {
          "source_entity": {
            "type": "minecraft:trader_llama"
          }
        }
      }
    }
  },
  "rewards": {
    "experience": 50
  },
  "parent": "advancements_plus:shady_deals"
}
