{
  "display": {
    "title": {
      "text": "Deep Digger"
    },
    "description": {
      "text": "Reach bedrock"
    },
    "icon": {
      "id": "minecraft:bedrock"
    },
    "frame": "goal",
    "show_toast": true,
    "announce_to_chat": true,
    "hidden": false
  },
  "criteria": {
    "reach_bedrock": {
      "trigger": "minecraft:location",
      "conditions": {
        "player": {
          "location": {
            "position": {
              "y": {
                "max": -60
              }
            }
          }
        }
      }
    }
  },
  "rewards": {
    "experience": 100
  },
  "parent": "advancements_plus:feather_fall"
}
