{
  "display": {
    "icon": {
      "id": "minecraft:diamond_shovel"
    },
    "title": {
      "text": "title here"
    },
    "description": {
      "text": "description text here - yes this is an actual advancement you can get..."
    },
    "frame": "task",
    "show_toast": true,
    "announce_to_chat": true,
    "hidden": false
  },
  "criteria": {
    "kill_pufferfish": {
      "trigger": "minecraft:player_killed_entity",
      "conditions": {
        "entity": {
          "type": "minecraft:pufferfish"
        }
      }
    }
  },
  "requirements": [["kill_pufferfish"]],
  "rewards": {
    "experience": 250,
    "function": "advancements_plus:example_reward"
  },
  "parent": "advancements_plus:root"
}
