{
  "display": {
    "title": {
      "text": "Feather Fall"
    },
    "description": {
      "text": "Fall from a height of at least 20 blocks and survive."
    },
    "icon": {
      "id": "minecraft:leather_boots"
    },
    "frame": "task",
    "show_toast": true,
    "announce_to_chat": true,
    "hidden": false
  },
  "criteria": {
    "fall_distance": {
      "trigger": "minecraft:fall_from_height",
      "conditions": {
        "distance": {
          "absolute": {
            "min": 20
          }
        }
      }
    }
  },
  "rewards": {
    "function": "advancements_plus:feather_fall_reward"
  },
  "parent": "advancements_plus:root"
}
