{
  "display": {
    "title": {
      "text": "Ghostbuster!"
    },
    "description": {
      "text": "Bust a Vex summoned by an Evoker"
    },
    "icon": {
      "id": "minecraft:iron_sword"
    },
    "frame": "task",
    "show_toast": true,
    "announce_to_chat": true,
    "hidden": false
  },
  "criteria": {
    "vex": {
      "trigger": "minecraft:player_killed_entity",
      "conditions": {
        "entity": {
          "type": "vex"
        }
      }
    }
  },
  "rewards": {
    "experience": 300
  },
  "parent": "advancements_plus:i_need_an_adult"
}
