{
  "display": {
    "title": {
      "text": "I hereby dub thee..."
    },
    "description": {
      "text": "Obtain a name tag"
    },
    "icon": {
      "id": "minecraft:name_tag"
    },
    "frame": "task",
    "show_toast": true,
    "announce_to_chat": true,
    "hidden": false
  },
  "criteria": {
    "name_tag": {
      "trigger": "minecraft:inventory_changed",
      "conditions": {
        "items": [
          {
            "items": ["minecraft:name_tag"]
          }
        ]
      }
    }
  },
  "rewards": {
    "experience": 20
  },
  "parent": "advancements_plus:root"
}
