{
  "display": {
    "icon": {
      "id": "minecraft:trident"
    },
    "title": {
      "text": "I am THOR"
    },
    "description": {
      "text": "Channel lightning through a trident during a storm."
    },
    "frame": "task",
    "show_toast": true,
    "announce_to_chat": true,
    "hidden": false
  },
  "criteria": {
    "channeled_lightning": {
      "trigger": "minecraft:channeled_lightning"
    }
  },
  "rewards": {
    "experience": 150
  },
  "parent": "advancements_plus:ghost_buster"
}
