{
  "display": {
    "icon": {
      "id": "minecraft:iron_axe"
    },
    "title": {
      "text": "MURDERER!"
    },
    "description": {
      "text": "Kill a villager"
    },
    "frame": "task",
    "show_toast": true,
    "announce_to_chat": true,
    "hidden": false
  },
  "criteria": {
    "villager": {
      "trigger": "minecraft:player_killed_entity",
      "conditions": {
        "entity": {
          "type": "villager"
        }
      }
    }
  },
  "rewards": {
    "experience": 40
  },
  "parent": "advancements_plus:deals_off"
}
