{
  "display": {
    "icon": {
      "id": "minecraft:music_disc_cat"
    },
    "title": {
      "text": "Music To My Ears"
    },
    "description": {
      "text": "Play a music disc in a jukebox"
    },
    "frame": "task",
    "show_toast": true,
    "announce_to_chat": true,
    "hidden": false
  },
  "criteria": {
    "music_disc": {
      "trigger": "minecraft:item_used_on_block",
      "conditions": {
        "location": [
          {
            "condition": "minecraft:location_check",
            "predicate": {
              "block": {
                "blocks": ["minecraft:jukebox"],
                "state": {
                  "has_record": "true"
                }
              }
            }
          },
          {
            "condition": "minecraft:match_tool",
            "predicate": {
              "predicates": {
                "minecraft:jukebox_playable": {}
              }
            }
          }
        ]
      }
    }
  },
  "rewards": {
    "experience": 40
  },
  "parent": "advancements_plus:deals_off"
}
