{
  "display": {
    "icon": {
      "id": "minecraft:music_disc_cat"
    },
    "title": {
      "text": "Shiny Apple"
    },
    "description": {
      "color": "dark_purple",
      "translate": "Obtain a Notch Apple"
    },
    "frame": "challenge",
    "show_toast": true,
    "announce_to_chat": true,
    "hidden": false
  },
  "criteria": {
    "golden_apple": {
      "trigger": "minecraft:inventory_changed",
      "conditions": {
        "items": [
          {
            "items": ["minecraft:enchanted_golden_apple"]
          }
        ]
      }
    }
  },
  "rewards": {
    "experience": 30
  },
  "parent": "advancements_plus:potion_master"
}
