{
  "display": {
    "icon": {
      "id": "minecraft:loom"
    },
    "title": {
      "text": "Professional"
    },
    "description": {
      "color": "#75E1FF",
      "translate": "Trade with a villager at master level"
    },
    "frame": "goal",
    "show_toast": true,
    "announce_to_chat": true,
    "hidden": false
  },
  "criteria": {
    "master": {
      "trigger": "minecraft:villager_trade",
      "conditions": {
        "villager": {
          "nbt": "{VillagerData:{level:5}}"
        }
      }
    }
  },
  "rewards": {
    "experience": 100
  },
  "parent": "advancements_plus:root"
}
