{
  "display": {
    "title": {
      "text": "There's more?"
    },
    "description": {
      "text": "A little bit of everything"
    },
    "icon": {
      "id": "minecraft:oak_log"
    },
    "frame": "task",
    "background": "minecraft:textures/gui/advancements/backgrounds/stone.png",
    "show_toast": true,
    "announce_to_chat": true,
    "hidden": false
  },
  "criteria": {
    "get_log": {
      "trigger": "minecraft:inventory_changed",
      "conditions": {
        "items": [
          {
            "items": "#minecraft:logs"
          }
        ]
      }
    }
  },
  "rewards": {
    "experience": 5
  }
}
