{
  "display": {
    "title": {
      "text": "Wool Collector"
    },
    "description": {
      "text": "Collect all 16 colors of wool."
    },
    "icon": {
      "id": "minecraft:white_wool"
    },
    "frame": "goal",
    "show_toast": true,
    "announce_to_chat": true,
    "hidden": false
  },
  "criteria": {
    "white_wool": {
      "trigger": "minecraft:inventory_changed",
      "conditions": {
        "items": [
          {
            "items": ["minecraft:white_wool"]
          }
        ]
      }
    },
    "orange_wool": {
      "trigger": "minecraft:inventory_changed",
      "conditions": {
        "items": [
          {
            "items": ["minecraft:orange_wool"]
          }
        ]
      }
    },
    "magenta_wool": {
      "trigger": "minecraft:inventory_changed",
      "conditions": {
        "items": [
          {
            "items": ["minecraft:magenta_wool"]
          }
        ]
      }
    },
    "light_blue_wool": {
      "trigger": "minecraft:inventory_changed",
      "conditions": {
        "items": [
          {
            "items": ["minecraft:light_blue_wool"]
          }
        ]
      }
    },
    "yellow_wool": {
      "trigger": "minecraft:inventory_changed",
      "conditions": {
        "items": [
          {
            "items": ["minecraft:yellow_wool"]
          }
        ]
      }
    },
    "lime_wool": {
      "trigger": "minecraft:inventory_changed",
      "conditions": {
        "items": [
          {
            "items": ["minecraft:lime_wool"]
          }
        ]
      }
    },
    "pink_wool": {
      "trigger": "minecraft:inventory_changed",
      "conditions": {
        "items": [
          {
            "items": ["minecraft:pink_wool"]
          }
        ]
      }
    },
    "gray_wool": {
      "trigger": "minecraft:inventory_changed",
      "conditions": {
        "items": [
          {
            "items": ["minecraft:gray_wool"]
          }
        ]
      }
    },
    "light_gray_wool": {
      "trigger": "minecraft:inventory_changed",
      "conditions": {
        "items": [
          {
            "items": ["minecraft:light_gray_wool"]
          }
        ]
      }
    },
    "cyan_wool": {
      "trigger": "minecraft:inventory_changed",
      "conditions": {
        "items": [
          {
            "items": ["minecraft:cyan_wool"]
          }
        ]
      }
    },
    "purple_wool": {
      "trigger": "minecraft:inventory_changed",
      "conditions": {
        "items": [
          {
            "items": ["minecraft:purple_wool"]
          }
        ]
      }
    },
    "blue_wool": {
      "trigger": "minecraft:inventory_changed",
      "conditions": {
        "items": [
          {
            "items": ["minecraft:blue_wool"]
          }
        ]
      }
    },
    "brown_wool": {
      "trigger": "minecraft:inventory_changed",
      "conditions": {
        "items": [
          {
            "items": ["minecraft:brown_wool"]
          }
        ]
      }
    },
    "green_wool": {
      "trigger": "minecraft:inventory_changed",
      "conditions": {
        "items": [
          {
            "items": ["minecraft:green_wool"]
          }
        ]
      }
    },
    "red_wool": {
      "trigger": "minecraft:inventory_changed",
      "conditions": {
        "items": [
          {
            "items": ["minecraft:red_wool"]
          }
        ]
      }
    },
    "black_wool": {
      "trigger": "minecraft:inventory_changed",
      "conditions": {
        "items": [
          {
            "items": ["minecraft:black_wool"]
          }
        ]
      }
    }
  },
  "rewards": {
    "experience": 200
  },
  "parent": "advancements_plus:fisherman"
}
