{
  "display": {
    "title": {
      "text": "Hey! You two should kiss!"
    },
    "description": {
      "text": "Use a Spyglass to look at two Villagers sitting in a Boat from at least 50 blocks away"
    },
    "icon": {
      "id": "minecraft:red_tulip"
    },
    "frame": "task",
    "show_toast": true,
    "announce_to_chat": true,
    "hidden": false
  },
  "criteria": {
    "how_romantic": {
      "trigger": "minecraft:using_item",
      "conditions": {
        "player": [
          {
            "condition": "minecraft:entity_properties",
            "predicate": {
              "type_specific": {
                "type": "player",
                "looking_at": {
                  "type": "minecraft:boat",
                  "nbt": "{Passengers:[{id:\"minecraft:villager\"},{id:\"minecraft:villager\"}]}",
                  "distance": {
                    "absolute": {
                      "min": 50
                    }
                  }
                }
              }
            },
            "entity": "this"
          }
        ],
        "item": {
          "items": ["minecraft:spyglass"]
        }
      }
    }
  },
  "rewards": {
    "experience": 300,
    "function": "advancements_plus:you_should_kiss_reward"
  },
  "parent": "advancements_plus:root"
}
