{
  "display": {
    "icon": {
      "id": "minecraft:iron_ingot"
    },
    "title": {
      "text": "Your Daily Fix"
    },
    "description": {
      "color": "#75E1FF",
      "translate": "Use an Iron Ingot to repair a damaged Iron Golem"
    },
    "frame": "goal",
    "show_toast": true,
    "announce_to_chat": true,
    "hidden": false
  },
  "criteria": {
    "iron_golem": {
      "trigger": "minecraft:player_interacted_with_entity",
      "conditions": {
        "item": {
          "items": ["minecraft:iron_ingot"]
        },
        "entity": [
          {
            "condition": "minecraft:entity_properties",
            "entity": "this",
            "predicate": {
              "type": "minecraft:iron_golem"
            }
          }
        ]
      }
    }
  },
  "rewards": {
    "experience": 50
  },
  "parent": "advancements_plus:i_hereby_dub_thee"
}
